Workbook

Sheet Phase Overview
A1: Phase | B1: Goal | C1: Steps | D1: Done | E1: % complete
A2: 1 Foundation | B2: Repo, environments, auth, profiles, RLS, design system, seed catalogue | C2: =COUNTIF('Execution Plan'!$A:$A,A2) -> 8 | D2: =COUNTIFS('Execution Plan'!$A:$A,A2,'Execution Plan'!$G:$G,"Done") -> 0 | E2: =IF(C2=0,0,D2/C2) -> 0
A3: 2 Library & Reviews | B3: Search, book pages, shelves, reviews, reactions, reports | C3: =COUNTIF('Execution Plan'!$A:$A,A3) -> 9 | D3: =COUNTIFS('Execution Plan'!$A:$A,A3,'Execution Plan'!$G:$G,"Done") -> 0 | E3: =IF(C3=0,0,D3/C3) -> 0
A4: 3 Profiles, Avatars, Journal | B4: Profile + privacy, layered avatars, focus timer, journal and stats | C4: =COUNTIF('Execution Plan'!$A:$A,A4) -> 9 | D4: =COUNTIFS('Execution Plan'!$A:$A,A4,'Execution Plan'!$G:$G,"Done") -> 0 | E4: =IF(C4=0,0,D4/C4) -> 0
A5: 4 Crossword | B5: Validated daily puzzle, accessible grid, server-side completion, streaks | C5: =COUNTIF('Execution Plan'!$A:$A,A5) -> 7 | D5: =COUNTIFS('Execution Plan'!$A:$A,A5,'Execution Plan'!$G:$G,"Done") -> 0 | E5: =IF(C5=0,0,D5/C5) -> 0
A6: 5 Café | B6: Illustrated room, seat claims, realtime presence, audio, focus sessions | C6: =COUNTIF('Execution Plan'!$A:$A,A6) -> 8 | D6: =COUNTIFS('Execution Plan'!$A:$A,A6,'Execution Plan'!$G:$G,"Done") -> 0 | E6: =IF(C6=0,0,D6/C6) -> 0
A7: 6 QA & Release | B7: Security/concurrency tests, e2e, accessibility, deploy, backups | C7: =COUNTIF('Execution Plan'!$A:$A,A7) -> 6 | D7: =COUNTIFS('Execution Plan'!$A:$A,A7,'Execution Plan'!$G:$G,"Done") -> 0 | E7: =IF(C7=0,0,D7/C7) -> 0
A8: Total | C8: =SUM(C2:C7) -> 47 | D8: =SUM(D2:D7) -> 0 | E8: =IF(C8=0,0,D8/C8) -> 0
A10: Stack: Next.js 16 + TypeScript (App Router), Supabase (Postgres, Auth, Realtime, Storage, Edge Functions). Update Status in 'Execution Plan'; this sheet recalculates.

Sheet Execution Plan
A1: Phase | B1: Step | C1: Task | D1: Done when | E1: Depends on | F1: Size | G1: Status
A2: 1 Foundation | B2: 1.1 | C2: Create repo; scaffold Next.js 16 + TypeScript (App Router) + Tailwind; ESLint, Prettier, Git | D2: App runs locally; lint and typecheck pass | F2: S | G2: Not started
A3: 1 Foundation | B3: 1.2 | C3: Create Supabase dev and prod projects; install Supabase CLI; set up local stack and .env files | D3: supabase start works; secrets documented; no service-role key in client code | E3: 1.1 | F3: S | G3: Not started
A4: 1 Foundation | B4: 1.3 | C4: Add @supabase/ssr client helpers (browser, server) and request-interception layer (proxy) for session refresh | D4: Session persists across reloads; protected route redirects with safe return path | E4: 1.1, 1.2 | F4: M | G4: Not started
A5: 1 Foundation | B5: 1.4 | C5: Migration: profiles table (case-insensitive unique username), trigger to create profile on signup, RLS policies | D5: New signup creates one profile; user can edit only own row | E5: 1.2 | F5: M | G5: Not started
A6: 1 Foundation | B6: 1.5 | C6: Auth pages: /signup, /login, /forgot-password, logout; unique username validation | D6: All four flows work end to end with accessible errors | E6: 1.3, 1.4 | F6: M | G6: Not started
A7: 1 Foundation | B7: 1.6 | C7: Design tokens (palette, fonts), base components, desktop sidebar and mobile bottom nav shell | D7: Shell renders on desktop and mobile; active route shown; reduced-motion respected | E7: 1.1 | F7: M | G7: Not started
A8: 1 Foundation | B8: 1.7 | C8: Migration: books, genres, book_genres; seed curated catalogue; public-read RLS | D8: Seed loads cleanly; guests can read books, nobody can write from client | E8: 1.2 | F8: M | G8: Not started
A9: 1 Foundation | B9: 1.8 | C9: RLS test harness (two test users + guest) and CI run | D9: Tests fail when a policy is removed | E9: 1.4, 1.7 | F9: M | G9: Not started
A10: 2 Library & Reviews | B10: 2.1 | C10: Library page: search by title/author, genre filter, sort, pagination; indexes | D10: Search is fast; pagination works; empty and error states shown | E10: 1.7 | F10: M | G10: Not started
A11: 2 Library & Reviews | B11: 2.2 | C11: Book detail page (server-rendered): metadata, tags, related books, cover optimisation | D11: Deep link works after refresh; metadata/OG tags set | E11: 2.1 | F11: M | G11: Not started
A12: 2 Library & Reviews | B12: 2.3 | C12: Migration: shelves, shelf_books with uniqueness; RLS; default statuses | D12: User cannot read another user's private shelves (test passes) | E12: 1.4, 1.7 | F12: M | G12: Not started
A13: 2 Library & Reviews | B13: 2.4 | C13: Shelves UI: add/remove book, move between statuses, custom lists, currently-reading card | D13: Changes persist across devices; no duplicate entries | E13: 2.3 | F13: M | G13: Not started
A14: 2 Library & Reviews | B14: 2.5 | C14: Migration: reviews (rating, headline, body, quote, tags, spoiler, status); RLS; length constraints | D14: Users can edit/delete only own reviews (test passes); guests blocked from writing | E14: 1.4, 1.7 | F14: M | G14: Not started
... A48: 6 QA & Release | B48: 6.6 | C48: Backups, restore test, monitoring, setup docs and env var list | D48: Restore verified; README complete | E48: 6.5 | F48: S | G48: Not started
A50: Size is a rough relative effort guide (S, M, L), not a time estimate. Phase order follows PRD section 14; steps are split so each can be built and tested on its own.
